Metrica,MLP,SVM
Precision,0.0515916547,0.0393493454
Recall,0.9307617375,0.8006273027
F-score,0.0977642843,0.0750119908
