Precision,Recall,F-score
0.0515916547,0.9307617375,0.0977642843
