Threshold,Precision,Recall
0.1,0.027992326354569524,0.42410496081091786
0.2,0.028608356502639452,0.421961647941975
0.3,0.029682992066365557,0.4197296065889173
0.4,0.03259842847916174,0.4158676628044141
0.5,0.05302285331400449,0.40155416585656495
0.6,0.2096580090902331,0.34284574600714174
0.7,0.31959131037480987,0.31871712721119727
0.8,0.3681126826885306,0.2992742003461456
0.9,0.3906652612213338,0.2822409705478941
