Precision,Recall
0.00955240174672489,0.8863636363636364
