Precision,Recall
0.7380952380952381,0.9523809523809523
