Precision,Recall
0.0393493454128568,0.800627302670761
